{"data":{"Config":"o{\"isRedirectEnable\":true,\"isAdsEnable\":true,\"isBlockEnable\":true,\"isBlockDisplay\":false,\"AdsStyleEnable\":true,\"AdsStyleMode_Baidu\":\"4\",\"AdsStyleMode_Google\":\"2\",\"AdsStyleMode_Bing\":\"3\",\"AdsStyleMode_SoGou\":\"3\",\"HuYan_Baidu\":false,\"HuYan_Google\":false,\"HuYan_Bing\":false,\"HuYan_SoGou\":false,\"defaultHuYanColor\":\"#DEF1EF\",\"isUserColorEnable\":true,\"isFaviconEnable\":true,\"defaultFaviconUrl\":\"https://ws1.sinaimg.cn/large/6a155794ly1foijtdzhxhj200w00wjr5.jpg\",\"doDisableSug\":false,\"isRightDisplayEnable\":false,\"isCounterEnable\":false,\"isALineEnable\":false,\"isUserStyleEnable\":false,\"UserBlockList\":[\"baijiahao.baidu.com\"],\"UserStyleText\":\"/**计数器的颜色样式*/\\n.AC-CounterT{\\n    background: #FD9999;\\n}\\n/**右侧栏的样式-其实不开启更好看一些*/\\n#content_right{\\n    padding: 20px 15px 15px;\\n    border-radius: 5px;\\n    background-color: #fff;\\n    box-sizing: border-box;\\n    box-shadow: 0 0 20px 2px rgba(0, 0, 0, .1);\\n    -webkit-box-shadow: 0 0 20px 2px rgba(0, 0, 0, .1);\\n    -moz-box-shadow: 0 0 20px 2px rgba(0, 0, 0, .1);\\n}\\n/****可以加一些自己的背景图片****/\\nbody{\\n\\tbackground-repeat: repeat-y;\\n    background-image: url('https://desk-fd.zol-img.com.cn/t_s1920x1080c5/g5/M00/01/03/ChMkJlor0OCILLxzABXfjnAdsxwAAi_rgLjHksAFd-m023.jpg');\\n}\",\"oldVersion\":\"23.18\",\"isBlockBtnDisplay\":true,\"Style_BaiduLite\":false,\"isGooleInBaiduModeEnable\":false}"},"ts":1559646748157}