{"options":{"awareOfChrome":false,"check_for_updates":true,"comment":null,"compat_arrayleft":false,"compat_foreach":false,"compat_forvarin":false,"compat_metadata":false,"compat_uW_gmonkey":false,"compat_wrappedjsobject":false,"compatopts_for_requires":true,"noframes":null,"override":{"merge_connects":true,"merge_excludes":true,"merge_includes":true,"merge_matches":true,"orig_connects":["shangxueba365.com"],"orig_excludes":["*://*.wandhi.com/*"],"orig_includes":["*://m.youku.com/v*","*://m.youku.com/a*","*://v.youku.com/v_*","*://*.iqiyi.com/v_*","*://*.iqiyi.com/w_*","*://*.iqiyi.com/a_*","*://*.iqiyi.com/adv*","*://*.le.com/ptv/vplay/*","*v.qq.com/x/cover/*","*v.qq.com/x/page/*","*v.qq.com/play*","*v.qq.com/cover*","*://*.tudou.com/listplay/*","*://*.tudou.com/albumplay/*","*://*.tudou.com/programs/view/*","*://*.tudou.com/v*","*://*.mgtv.com/b/*","*://film.sohu.com/album/*","*://tv.sohu.com/v/*","*://*.acfun.cn/v/*","*://*.bilibili.com/video/*","*://*.bilibili.com/anime/*","*://*.bilibili.com/bangumi/play/*","*://*.pptv.com/show/*","*://*.baofeng.com/play/*","*://*.wasu.cn/Play/show*","*://v.yinyuetai.com/video/*","*://v.yinyuetai.com/playlist/*","*://*.wasu.cn/Play/show/*","*://music.taihe.com/song*","*://item.taobao.com/*","*://detail.tmall.com/*","*://detail.tmall.hk/*","*://item.jd.com/*","*://music.163.com/song*","*://music.163.com/m/song*","*://y.qq.com/*","*://*.kugou.com/*","*://*.kuwo.cn/*","*://*.xiami.com/*","*://music.taihe.com/*","*://*.1ting.com/player*","*://www.qingting.fm/*","*://www.lizhi.fm/*","*://music.migu.cn/*","*://www.shangxueba.com/ask/*.html","*://www.ximalaya.com/*","*://www.shangxueba.com/ask/*.html","*://pan.baidu.com/disk/home*","*://yun.baidu.com/disk/home*","*://pan.baidu.com/s/*","*://yun.baidu.com/s/*","*://pan.baidu.com/share/link*","*://yun.baidu.com/share/link*"],"orig_matches":[],"orig_noframes":null,"orig_run_at":"document-end","use_blockers":[],"use_connects":[],"use_excludes":[],"use_includes":[],"use_matches":[]},"run_at":null},"settings":{"enabled":true,"position":14},"meta":{"name":"一键VIP视频解析、去广告(全网),一站式音乐搜索下载,上学吧答案显示,百度云离线跳转,淘宝京东优惠券 2019-07-10 更新，报错请及时反馈","uuid":"dd5cd4ab-e240-4b94-99e5-e3f0954c4909","modified":1562823979946,"file_url":"https://greasyfork.org/scripts/370005-%E4%B8%80%E9%94%AEvip%E8%A7%86%E9%A2%91%E8%A7%A3%E6%9E%90-%E5%8E%BB%E5%B9%BF%E5%91%8A-%E5%85%A8%E7%BD%91-%E4%B8%80%E7%AB%99%E5%BC%8F%E9%9F%B3%E4%B9%90%E6%90%9C%E7%B4%A2%E4%B8%8B%E8%BD%BD-%E4%B8%8A%E5%AD%A6%E5%90%A7%E7%AD%94%E6%A1%88%E6%98%BE%E7%A4%BA-%E7%99%BE%E5%BA%A6%E4%BA%91%E7%A6%BB%E7%BA%BF%E8%B7%B3%E8%BD%AC-2019-06-19-%E6%9B%B4%E6%96%B0-%E6%8A%A5%E9%94%99%E8%AF%B7%E5%8F%8A%E6%97%B6%E5%8F%8D%E9%A6%88/code/%E4%B8%80%E9%94%AEVIP%E8%A7%86%E9%A2%91%E8%A7%A3%E6%9E%90%E3%80%81%E5%8E%BB%E5%B9%BF%E5%91%8A(%E5%85%A8%E7%BD%91),%E4%B8%80%E7%AB%99%E5%BC%8F%E9%9F%B3%E4%B9%90%E6%90%9C%E7%B4%A2%E4%B8%8B%E8%BD%BD,%E4%B8%8A%E5%AD%A6%E5%90%A7%E7%AD%94%E6%A1%88%E6%98%BE%E7%A4%BA,%E7%99%BE%E5%BA%A6%E4%BA%91%E7%A6%BB%E7%BA%BF%E8%B7%B3%E8%BD%AC%202019-06-19%20%E6%9B%B4%E6%96%B0%EF%BC%8C%E6%8A%A5%E9%94%99%E8%AF%B7%E5%8F%8A%E6%97%B6%E5%8F%8D%E9%A6%88.user.js"}}