{"data":{"CatPW":"o{\"date\":\"2019/7/11\",\"sCode\":\"\",\"unPW\":\"\",\"Src\":\"https://pan.baidu.com/s/1q2Nj41Xk85CHHv7_zOhQIA\",\"surl\":\"\",\"Hash\":\"#qbba\",\"webSrc\":\"https%3A%2F%2Fblog.csdn.net%2Fweixin_42057852%2Farticle%2Fdetails%2F80857948\",\"webTitle\":\"%E3%80%90%E7%8E%AF%E5%A2%83%E9%85%8D%E7%BD%AE%E3%80%91%E5%87%BA%E7%8E%B0%EF%BC%9AMicrosoft%20Visual%20C%2B%2B%2014.0%20is%20required%20%E7%9A%84%E8%A7%A3%E5%86%B3%E6%96%B9%E6%A1%88%20-%20%E7%BA%A2%E8%8A%92%E6%9E%9C%20-%20CSDN%E5%8D%9A%E5%AE%A2\"}","CatPW_Manage":"o{\"StorageSave\":true,\"UpdataConfig\":{\"UpdataSave\":true,\"UpdataNotify\":true,\"UpdataPlugin\":true,\"UpdataVersion\":\"3.12.6\"},\"StorageExp\":365}"},"ts":1562819750901}