{"options":{"awareOfChrome":false,"check_for_updates":true,"comment":null,"compat_arrayleft":false,"compat_foreach":false,"compat_forvarin":false,"compat_metadata":false,"compat_uW_gmonkey":false,"compat_wrappedjsobject":false,"compatopts_for_requires":true,"noframes":null,"override":{"merge_connects":true,"merge_excludes":true,"merge_includes":true,"merge_matches":true,"orig_connects":[],"orig_excludes":[],"orig_includes":[],"orig_matches":["*://www.runoob.com/*"],"orig_noframes":null,"orig_run_at":"document-idle","use_blockers":[],"use_connects":[],"use_excludes":[],"use_includes":[],"use_matches":[]},"run_at":null},"settings":{"enabled":true,"position":15},"meta":{"name":"菜鸟教程-阅读模式","uuid":"153778e4-01c9-4bd6-964b-17f592ff51f0","modified":1562229639657,"file_url":"https://greasyfork.org/scripts/381603-%E8%8F%9C%E9%B8%9F%E6%95%99%E7%A8%8B-%E9%98%85%E8%AF%BB%E6%A8%A1%E5%BC%8F/code/%E8%8F%9C%E9%B8%9F%E6%95%99%E7%A8%8B-%E9%98%85%E8%AF%BB%E6%A8%A1%E5%BC%8F.user.js"}}