{"options":{"awareOfChrome":false,"check_for_updates":true,"comment":null,"compat_arrayleft":false,"compat_foreach":false,"compat_forvarin":false,"compat_metadata":false,"compat_uW_gmonkey":false,"compat_wrappedjsobject":false,"compatopts_for_requires":true,"noframes":null,"override":{"merge_connects":true,"merge_excludes":true,"merge_includes":true,"merge_matches":true,"orig_connects":[],"orig_excludes":["https://user.qzone.qq.com/*"],"orig_includes":["https://*.qq.com/*","https://www.weiyun.com/video_*","https://www.youku.com/","https://v.youku.com/v_show/id_*","https://vku.youku.com/live/*","https://video.tudou.com/v/*","https://www.bilibili.com/*","http://v.pptv.com/show/*","https://tv.sohu.com/v/*","https://film.sohu.com/album/*","https://www.mgtv.com/*","*://www.fun.tv/vplay/*","*://m.fun.tv/*","*://*.mtime.com/*","*://www.miaopai.com/*","*://www.le.com/ptv/vplay/*","*://*.163.com/*","*://*.icourse163.org/*","*://*.sina.com.cn/*","*://video.sina.cn/*","*://weibo.com/*","*://*.weibo.com/*","https://pan.baidu.com/*","https://yun.baidu.com/*","*://v.yinyuetai.com/video/h5/*","*://v.yinyuetai.com/playlist/h5/*","*://www.365yg.com/*","*://v.ifeng.com/*","https://www.youtube.com/watch?v=*","https://www.ted.com/talks/*","*://www.yy.com/*","*://v.huya.com/play/*","https://www.huya.com/*","https://v.douyu.com/*","https://www.douyu.com/*","*://star.longzhu.com/*","https://www.zhanqi.tv/*"],"orig_matches":[],"orig_noframes":true,"orig_run_at":"document-start","use_blockers":[],"use_connects":[],"use_excludes":[],"use_includes":[],"use_matches":[]},"run_at":null},"settings":{"enabled":true,"position":3},"meta":{"name":"视频网HTML5播放小工具","uuid":"5f181e19-6000-4a62-8c73-4dcafa7babb7","modified":1562737475626,"file_url":"https://greasyfork.org/scripts/30545-%E8%A7%86%E9%A2%91%E7%AB%99%E5%90%AF%E7%94%A8html5%E6%92%AD%E6%94%BE%E5%99%A8/code/%E8%A7%86%E9%A2%91%E7%AB%99%E5%90%AF%E7%94%A8html5%E6%92%AD%E6%94%BE%E5%99%A8.user.js"}}